instance_id,resolved,submitted,auto_label,stop,turns,edits,edits_failed,invalid_turns,max_prompt,wall_s,patch_files
fastapi_15661,0,N,BUDGET,CTX,10,0,0,0,14026,48,0
fastapi_15588,0,S,WRONG_FIX,-,16,2,0,0,14777,188,1
fastapi_15589,0,N,BUDGET,CTX,18,0,0,1,14685,309,0
fastapi_15280,0,N,BUDGET,CTX,31,1,0,2,14892,246,0
fastapi_14986,0,S,WRONG_FIX,-,36,8,3,1,14914,330,2
rich_4077,0,S,WRONG_LOCATION,-,48,1,0,2,14467,253,1
rich_4079,0,N,BUDGET,CTX,7,0,0,0,14018,159,0
rich_4076,0,N,BUDGET,T50,50,0,0,0,14628,275,1
rich_4075,1,N,RESOLVED,-,50,2,1,0,14681,366,5
rich_4006,0,S,WRONG_FIX,-,20,1,0,0,14390,272,1
fastapi_14258,0,S,WRONG_FIX,-,38,2,0,0,14340,264,1
fastapi_14873,1,N,RESOLVED,-,50,1,0,2,15121,379,2
fastapi_13920,0,N,BUDGET,T50,50,9,1,0,14849,600,7
fastapi_14794,1,S,RESOLVED,-,24,1,0,2,15627,202,1
fastapi_14786,1,S,RESOLVED,-,13,1,0,0,9221,64,1
fastapi_14492,1,S,RESOLVED,-,22,1,0,0,14746,193,1
fastapi_14479,0,S,WRONG_FIX,-,13,1,0,0,12659,96,1
fastapi_14463,1,S,RESOLVED,-,20,5,0,0,14418,136,1
fastapi_14372,1,S,RESOLVED,-,37,5,1,2,14736,244,2
fastapi_14487,0,N,BUDGET,T50,50,0,0,0,15315,582,1
fastapi_14306,0,N,BUDGET,T50,50,15,3,0,16332,500,2
fastapi_14458,0,N,BUDGET,CTX,10,4,1,0,12184,265,0
fastapi_14448,0,N,BUDGET,CTX,13,1,0,0,12315,228,0
fastapi_9753,1,S,RESOLVED,-,46,6,1,0,15053,439,3
fastapi_5077,0,S,WRONG_FIX,-,42,2,0,0,14941,329,1
fastapi_9555,1,S,RESOLVED,-,14,1,0,0,16037,167,1
fastapi_5624,1,S,RESOLVED,-,27,1,0,0,15204,340,1
fastapi_14419,1,S,RESOLVED,-,29,9,5,5,14629,396,2
fastapi_14301,1,S,RESOLVED,-,33,14,14,14,14477,234,1
fastapi_9425,1,S,RESOLVED,-,40,1,0,0,14633,267,1
rich_3718,1,S,RESOLVED,-,16,3,1,1,12868,103,1
rich_3934,0,N,BUDGET,T50,50,4,2,1,15993,549,8
rich_3953,0,S,WRONG_FIX,-,35,3,0,0,15502,734,1
rich_3944,0,N,BUDGET,CTX,28,0,0,2,15371,182,0
rich_3942,0,N,BUDGET,CTX,46,2,0,1,16303,548,0
rich_3938,0,N,BUDGET,T50,50,2,0,1,15321,435,1
rich_3882,1,S,RESOLVED,-,17,1,0,0,12251,145,1
rich_3894,1,S,RESOLVED,-,19,1,0,0,14518,165,1
rich_3935,0,S,WRONG_LOCATION,-,43,6,0,0,14658,636,5
rich_3905,1,S,RESOLVED,-,17,1,0,0,14218,108,1
rich_3930,0,N,BUDGET,CTX,10,0,0,0,13430,99,0
fastapi_15800,0,N,BUDGET,T50,50,2,0,0,14947,449,4
fastapi_13537,1,S,RESOLVED,-,18,1,0,2,14536,225,1
fastapi_14616,0,N,BUDGET,T50,50,0,0,2,14838,425,2
fastapi_11194,1,S,RESOLVED,-,35,1,0,0,14871,394,5
rich_3180,0,N,BUDGET,CTX,16,0,0,0,15365,488,0
rich_3777,0,N,LOOP,T50,50,12,12,14,15490,317,0
rich_3468,0,N,BUDGET,T50,50,1,0,0,14797,588,2
rich_3772,1,S,RESOLVED,-,44,7,1,4,15005,521,1
rich_3675,0,S,WRONG_FIX,-,24,1,0,1,14685,207,1
rich_3676,0,S,WRONG_FIX,-,26,5,0,0,15439,304,1
rich_3518,1,S,RESOLVED,-,18,1,0,1,14200,77,1
rich_3535,0,S,WRONG_FIX,-,15,2,0,0,14593,241,1
rich_3521,0,N,BUDGET,CTX,32,1,0,2,15562,590,0
rich_3506,0,N,BUDGET,CTX,17,1,0,0,15361,407,0
rich_3480,1,N,RESOLVED,-,50,12,9,9,14438,481,6
rich_3472,0,N,BUDGET,T50,50,0,0,1,15045,483,7
rich_3454,1,S,RESOLVED,-,46,21,18,18,16258,360,2
rich_3471,0,S,WRONG_FIX,-,49,1,0,0,15264,1041,1
rich_3470,0,N,BUDGET,T50,50,2,0,0,15466,536,4
rich_3052,0,S,WRONG_FIX,-,14,3,0,0,15042,264,1
rich_3278,1,S,RESOLVED,-,22,4,0,0,14392,285,1
rich_2943,1,S,RESOLVED,-,27,1,0,0,14442,137,1
rich_2725,1,S,RESOLVED,-,22,1,0,0,15061,236,1
rich_3105,0,N,BUDGET,CTX,49,0,0,1,16364,385,0
rich_3043,0,N,BUDGET,CTX,10,2,0,0,12951,118,0
rich_3067,0,S,WRONG_LOCATION,-,30,5,4,2,15959,588,1
rich_3006,1,S,RESOLVED,-,17,1,0,0,10217,94,1
rich_3063,0,N,BUDGET,CTX,8,0,0,2,13587,240,0
rich_3061,0,N,BUDGET,T50,50,3,0,0,14781,496,2
